x_tip,y_tip,tip_angle_deg,F_x,F_y
0.2,-0.07,0.0,-0.00836937,53.31714
0.2,-0.05,0.0,41.315376,12.834564
0.2,-0.03,0.0,64.872116,-2.8390913
0.2,-0.01,0.0,73.82692,-1.8752937
0.2,0.01,0.0,73.82748,1.8763237
0.2,0.03,0.0,64.87262,2.8349876
0.2,0.05,0.0,41.3153,-12.833
0.2,0.07,0.0,-0.005536481,-53.315243
