x_tip,y_tip,tip_angle_deg,F_x,F_y
0.2,-0.07,0.0,279.9293,-123.77098
0.2,-0.05,0.0,303.26553,-114.25227
0.2,-0.03,0.0,339.8816,-100.10834
0.2,-0.01,0.0,375.7843,-52.444305
0.2,0.01,0.0,375.7859,52.442932
0.2,0.03,0.0,339.8798,100.10811
0.2,0.05,0.0,303.2679,114.24921
0.2,0.07,0.0,279.93494,123.77017
