x_tip,y_tip,tip_angle_deg,F_x,F_y
0.2,-0.07,0.0,89.18731,25.900646
0.2,-0.05,0.0,116.90186,15.064049
0.2,-0.03,0.0,130.02214,20.054184
0.2,-0.01,0.0,130.69191,30.642918
0.2,0.01,0.0,119.304276,39.56934
0.2,0.03,0.0,100.21611,40.53005
0.2,0.05,0.0,66.343765,20.121374
0.2,0.07,0.0,19.703873,-25.477333
