x_tip,y_tip,tip_angle_deg,F_x,F_y
0.2,-0.07,0.0,303.65244,-152.71391
0.2,-0.05,0.0,335.81955,-127.3369
0.2,-0.03,0.0,365.32565,-87.7583
0.2,-0.01,0.0,381.81726,-31.038391
0.2,0.01,0.0,381.82162,31.04423
0.2,0.03,0.0,365.3157,87.76448
0.2,0.05,0.0,335.82065,127.33744
0.2,0.07,0.0,303.65085,152.70667
