x_tip,y_tip,tip_angle_deg,F_x,F_y
0.21,-0.07,0.0,295.8206,-128.87593
0.21,-0.05,0.0,333.77005,-113.8205
0.21,-0.03,0.0,356.8827,-75.58134
0.21,-0.01,0.0,374.9631,-27.788277
0.21,0.01,0.0,374.98233,27.774021
0.21,0.03,0.0,356.88324,75.58118
0.21,0.05,0.0,333.76828,113.82141
0.21,0.07,0.0,295.8169,128.87157
