x_tip,y_tip,tip_angle_deg,F_x,F_y
0.21,-0.07,0.0,411.3149,-63.62639
0.21,-0.05,0.0,375.15698,28.343872
0.21,-0.03,0.0,320.81943,91.87439
0.21,-0.01,0.0,270.2097,127.99611
0.21,0.01,0.0,223.28114,141.87566
0.21,0.03,0.0,181.58252,138.57
0.21,0.05,0.0,141.47728,122.774704
0.21,0.07,0.0,77.992165,79.66015
