x_tip,y_tip,tip_angle_deg,F_x,F_y
0.21,-0.07,0.0,-50.37384,72.25415
0.21,-0.05,0.0,30.637474,1.2478676
0.21,-0.03,0.0,70.070724,-25.392591
0.21,-0.01,0.0,92.70148,-31.987854
0.21,0.01,0.0,101.903015,-28.384811
0.21,0.03,0.0,101.05137,-23.377586
0.21,0.05,0.0,85.08005,-25.311905
0.21,0.07,0.0,32.96259,-56.246223
