x_tip,y_tip,tip_angle_deg,F_x,F_y
0.21,-0.07,0.0,-50.379177,72.2568
0.21,-0.05,0.0,30.640142,1.2446618
0.21,-0.03,0.0,70.07327,-25.388546
0.21,-0.01,0.0,92.6999,-31.98674
0.21,0.01,0.0,101.90219,-28.384632
0.21,0.03,0.0,101.051155,-23.376762
0.21,0.05,0.0,85.07645,-25.313797
0.21,0.07,0.0,32.961906,-56.244568
