x_tip,y_tip,tip_angle_deg,F_x,F_y
0.21,-0.07,0.0,301.7096,-126.57573
0.21,-0.05,0.0,306.11185,-100.37616
0.21,-0.03,0.0,333.1846,-81.155304
0.21,-0.01,0.0,365.8127,-39.320084
0.21,0.01,0.0,365.81424,39.31569
0.21,0.03,0.0,333.1869,81.15567
0.21,0.05,0.0,306.1032,100.37837
0.21,0.07,0.0,301.7191,126.581985
