x_tip,y_tip,tip_angle_deg,F_x,F_y
160.0,-71.0,14.999999999999998,62.409214,27.905273
160.0,-46.714286,14.999999999999998,93.11007,-37.572052
160.0,-22.428571,14.999999999999998,150.6747,-85.307526
160.0,1.857143,14.999999999999998,245.16591,-89.39951
160.0,26.142857,14.999999999999998,285.5014,-32.976295
160.0,50.428571,14.999999999999998,248.82214,20.424973
160.0,74.714286,14.999999999999998,195.28989,36.782036
160.0,99.0,14.999999999999998,145.64792,19.535614
