x_tip,y_tip,tip_angle_deg,F_x,F_y
160.0,-71.0,14.999999999999998,72.8345,19.296043
160.0,-46.714286,14.999999999999998,97.20719,-19.80793
160.0,-22.428571,14.999999999999998,118.53583,-23.611237
160.0,1.857143,14.999999999999998,130.02448,-3.3402023
160.0,26.142857,14.999999999999998,126.42557,22.236465
160.0,50.428571,14.999999999999998,111.75487,40.740532
160.0,74.714286,14.999999999999998,91.0888,41.136673
160.0,99.0,14.999999999999998,65.710266,3.860283
