x_tip,y_tip,tip_angle_deg,F_x,F_y
160.0,-71.0,14.999999999999998,188.04037,-42.49276
160.0,-46.714286,14.999999999999998,251.80974,-49.21215
160.0,-22.428571,14.999999999999998,326.7539,-14.228653
160.0,1.857143,14.999999999999998,352.99255,64.777954
160.0,26.142857,14.999999999999998,289.45972,135.36377
160.0,50.428571,14.999999999999998,163.0472,123.201004
160.0,74.714286,14.999999999999998,106.0263,91.48869
160.0,99.0,14.999999999999998,74.15189,41.060673
