x_tip,y_tip,tip_angle_deg,F_x,F_y
200.0,-70.0,-35.0,248.20703,-89.91983
200.0,-50.0,-25.0,293.76776,-83.48572
200.0,-30.0,-14.999999999999998,337.3246,-65.214905
200.0,-10.0,-5.0,370.26285,-24.7697
200.0,10.0,5.0,394.78537,37.800507
200.0,30.0,14.999999999999998,407.42633,91.334564
200.0,50.0,25.0,412.51776,151.87021
200.0,70.0,35.0,427.5622,198.8698
