x_tip,y_tip,tip_angle_deg,F_x,F_y
0.215,-0.035,0.0,41.317654,-11.597939
0.215,-0.025,0.0,59.312977,-21.370958
0.215,-0.015,0.0,72.89902,-27.540173
0.215,-0.005,0.0,80.16199,-28.494251
0.215,0.005,0.0,85.08259,-27.923313
0.215,0.015,0.0,87.06616,-26.827862
0.215,0.023,0.0,86.11216,-26.063469
0.215,0.035,0.0,79.57074,-26.514465
