x_tip,y_tip,tip_angle_deg,F_x,F_y
0.215,-0.035,0.0,10.4661,18.817495
0.215,-0.025,0.0,24.37663,9.923914
0.215,-0.015,0.0,34.2839,4.1140137
0.215,-0.005,0.0,41.129025,0.81048775
0.215,0.005,0.0,41.192463,-0.86286354
0.215,0.015,0.0,34.284325,-4.1151023
0.215,0.023,0.0,26.67724,-8.5635195
0.215,0.035,0.0,10.468359,-18.814466
