x_tip,y_tip,tip_angle_deg,F_x,F_y
0.215,-0.035,0.0,79.56736,26.513268
0.215,-0.025,0.0,85.79611,25.690796
0.215,-0.015,0.0,87.06541,26.826223
0.215,-0.005,0.0,85.08891,27.92378
0.215,0.005,0.0,80.158035,28.495382
0.215,0.015,0.0,72.90053,27.54039
0.215,0.023,0.0,62.392315,22.824715
0.215,0.035,0.0,41.32197,11.598023
