x_tip,y_tip,tip_angle_deg,F_x,F_y
0.215,-0.035,0.0,327.7355,-80.78061
0.215,-0.025,0.0,340.57718,-64.97472
0.215,-0.015,0.0,355.3606,-44.532654
0.215,-0.005,0.0,369.05,-17.1763
0.215,0.005,0.0,369.05136,17.175705
0.215,0.015,0.0,355.35666,44.53067
0.215,0.023,0.0,343.15732,61.53659
0.215,0.035,0.0,327.74634,80.791016
