x_tip,y_tip,tip_angle_deg,F_x,F_y
0.215,-0.035,0.0,145.82886,48.228233
0.215,-0.025,0.0,150.95682,49.692844
0.215,-0.015,0.0,151.6876,53.300274
0.215,-0.005,0.0,147.24892,59.442833
0.215,0.005,0.0,142.09346,64.32688
0.215,0.015,0.0,134.81302,68.64628
0.215,0.023,0.0,129.56421,71.07359
0.215,0.035,0.0,117.241455,72.2466
