x_tip,y_tip,tip_angle_deg,F_x,F_y
0.215,-0.035,0.0,117.238464,-72.246895
0.215,-0.025,0.0,127.37397,-71.26227
0.215,-0.015,0.0,134.7958,-68.65381
0.215,-0.005,0.0,142.08992,-64.32297
0.215,0.005,0.0,147.2556,-59.442657
0.215,0.015,0.0,151.69225,-53.299973
0.215,0.023,0.0,151.22238,-50.337997
0.215,0.035,0.0,145.83011,-48.23076
