x_tip,y_tip,tip_angle_deg,F_x,F_y
0.215,-0.035,0.0,10.46656,18.813574
0.215,-0.025,0.0,24.374567,9.924844
0.215,-0.015,0.0,34.286755,4.116853
0.215,-0.005,0.0,41.127724,0.81097794
0.215,0.005,0.0,41.12763,-0.8118992
0.215,0.015,0.0,34.284023,-4.1141167
0.215,0.023,0.0,26.673962,-8.563017
0.215,0.035,0.0,10.470127,-18.811808
