x_tip,y_tip,tip_angle_deg,F_x,F_y
0.215,-0.035,0.0,350.15372,-80.97099
0.215,-0.025,0.0,358.49655,-59.911835
0.215,-0.015,0.0,366.1865,-36.88118
0.215,-0.005,0.0,373.29407,-12.425707
0.215,0.005,0.0,373.29416,12.423656
0.215,0.015,0.0,366.1874,36.881134
0.215,0.023,0.0,359.929,55.43856
0.215,0.035,0.0,350.15323,80.96949
