x_tip,y_tip,tip_angle_deg,F_x,F_y
0.215,-0.035,0.0,117.11047,-31.986172
0.215,-0.025,0.0,120.66399,-28.784082
0.215,-0.015,0.0,120.45291,-25.546928
0.215,-0.005,0.0,117.18612,-23.094803
0.215,0.005,0.0,111.19718,-22.468807
0.215,0.015,0.0,102.328835,-24.264355
0.215,0.023,0.0,92.257454,-27.705048
0.215,0.035,0.0,72.16597,-38.449036
