x_tip,y_tip,tip_angle_deg,F_x,F_y
0.215,-0.035,0.0,41.321934,-11.597965
0.215,-0.025,0.0,59.31378,-21.367546
0.215,-0.015,0.0,72.89899,-27.541649
0.215,-0.005,0.0,80.158005,-28.495352
0.215,0.005,0.0,85.08824,-27.924551
0.215,0.015,0.0,87.06543,-26.826239
0.215,0.023,0.0,86.11445,-26.059536
0.215,0.035,0.0,79.56731,-26.51326
